{"gddid": "642a74f014b4ac75a263d7c9", "date_processed": "2019-01-01", "last_updated": "2019-01-01", "status": "Non-relevant", "entities": {"TAXA": {"Pinaceae": {"sentence": [{"text": "The genus Abies is a member of the Pinaceae family and is found in the Northern Hemisphere.", "section_name": "Abstract", "char_index": {"start": 10, "end": 15}, "sentid": 1}, {"text": "This sentence contains site name Surprise lake and pollen Pinaceae", "section_name": "Abstract", "char_index": {"start": 10, "end": 15}, "sentid": 11}, {"text": "The Pinaceae pollen is also found in the Southern Hemisphere.", "section_name": "Introduction", "char_index": {"start": 10, "end": 15}, "sentid": 3}], "corrected_name": null, "deleted": false}, "taxa": {"sentence": [{"text": "example taxa", "section_name": "test section", "char_index": {"start": 8, "end": 12}, "sentid": 0}], "name": "taxa", "corrected_name": null, "deleted": false}}, "REGION": {"the Northern Hemisphere": {"sentence": [{"text": "The genus Abies is a member of the Pinaceae family and is found in the Northern Hemisphere.", "section_name": "Abstract", "char_index": {"start": 10, "end": 15}, "sentid": 4}], "corrected_name": null, "deleted": false}}, "SITE": {"Abies": {"sentence": [{"text": "The genus Abies is a member of the Pinaceae family and is found in the Northern Hemisphere.", "section_name": "Abstract", "char_index": {"start": 10, "end": 15}, "sentid": 5}], "corrected_name": null, "deleted": false}}, "GEOG": {"140N 40W": {"sentence": [{"text": "The site <i>Abies</i> is a member of the Pinaceae family and is found at 140N 40W.", "section_name": "Abstract", "char_index": {"start": 10, "end": 15}, "sentid": 4}], "corrected_name": null, "deleted": false}}, "ALTI": {"100 m a.s.l.": {"sentence": [{"text": "The site <i>Abies</i> is a member of the Pinaceae family and is found at 100 m a.s.l.", "section_name": "Abstract", "char_index": {"start": 10, "end": 15}, "sentid": 4}], "corrected_name": null, "deleted": false}}, "AGE": {"ca. 12 001 BP": {"sentence": [{"text": "The site <i>Abies</i> is a member of the Pinaceae family and was dated around ca. 12 000 BP", "section_name": "Intro", "char_index": {"start": 10, "end": 15}, "sentid": 4}], "corrected_name": null, "deleted": false}, "ca. 13 001 BP": {"sentence": [{"text": "The site <i>Abies</i> is a member of the Pinaceae family and was dated around ca. 13 001 BP", "section_name": "Abstract", "char_index": {"start": 10, "end": 15}, "sentid": 6}], "corrected_name": null, "deleted": false}}, "EMAIL": {"jenitjain10@gmail.com": {"sentence": [{"text": "The author can be contacted at <a href=\"mailto:jenitjain10@gmail.com", "section_name": "Abstract", "char_index": {"start": 10, "end": 15}, "sentid": 7}], "corrected_name": null, "deleted": false}}}, "relevant_sentences": [{"sentid": 1, "text": "This sentences contains taxa Pinacea"}, {"sentid": 2, "text": "This is the sentence following an extracted entity"}, {"sentid": 10, "text": "This is the sentence before and site entity saying it's the main site for this article."}, {"sentid": 11, "text": "This sentence contains site name Surprise lake and pollen Pinaceae"}, {"sentid": 12, "text": "This sentence follows an entity"}, {"sentid": 0, "text": "example taxa"}]}
